{"cameraMode":{"drawMode":0,"name":"Shaded","section":"Shading Mode"},"sceneLighting":false,"audioPlay":false,"sceneViewState":{"showFog":true,"showMaterialUpdate":false,"showSkybox":true,"showFlares":true,"showImageEffects":true,"showParticleSystems":true},"in2DMode":false,"pivot":{"x":41.35499954223633,"y":9.764999389648438,"z":25.649999618530275},"rotation":{"x":-0.09659702330827713,"y":-0.712321937084198,"z":0.10001655668020249,"w":-0.687941312789917},"size":103.00790405273438,"orthographic":false}