{"cameraMode":{"drawMode":0,"name":"Shaded","section":"Shading Mode"},"sceneLighting":false,"audioPlay":false,"sceneViewState":{"showFog":true,"showMaterialUpdate":false,"showSkybox":true,"showFlares":true,"showImageEffects":true,"showParticleSystems":true},"in2DMode":false,"pivot":{"x":2.8661131858825685,"y":1.961487889289856,"z":0.01953125},"rotation":{"x":0.009137079119682312,"y":0.9882750511169434,"z":-0.06562760472297669,"w":0.13755720853805543},"size":6.527940273284912,"orthographic":false}