{"cameraMode":{"drawMode":0,"name":"Shaded","section":"Shading Mode"},"sceneLighting":true,"audioPlay":false,"sceneViewState":{"showFog":true,"showMaterialUpdate":false,"showSkybox":true,"showFlares":true,"showImageEffects":true,"showParticleSystems":true},"in2DMode":false,"pivot":{"x":15.739999771118164,"y":7.989999771118164,"z":25.649999618530275},"rotation":{"x":0.13299691677093507,"y":-0.5846365094184876,"z":0.09789036959409714,"w":0.7943106889724731},"size":27.211807250976564,"orthographic":true}