{"cameraMode":{"drawMode":0,"name":"Shaded","section":"Shading Mode"},"sceneLighting":true,"audioPlay":false,"sceneViewState":{"showFog":true,"showMaterialUpdate":false,"showSkybox":true,"showFlares":true,"showImageEffects":true,"showParticleSystems":true},"in2DMode":false,"pivot":{"x":54.89990234375,"y":9.015082359313965,"z":55.99470138549805},"rotation":{"x":-0.05820968747138977,"y":-0.3802715837955475,"z":0.02398712933063507,"w":-0.9227295517921448},"size":4.279397964477539,"orthographic":false}