{"cameraMode":{"drawMode":0,"name":"Shaded","section":"Shading Mode"},"sceneLighting":false,"audioPlay":false,"sceneViewState":{"showFog":true,"showMaterialUpdate":false,"showSkybox":true,"showFlares":true,"showImageEffects":true,"showParticleSystems":true},"in2DMode":false,"pivot":{"x":-3.2537484169006349,"y":-1.4458177089691163,"z":5.035989284515381},"rotation":{"x":-0.010026509873569012,"y":0.9717674255371094,"z":-0.23195497691631318,"w":-0.042005687952041629},"size":8.039932250976563,"orthographic":false}