{"cameraMode":{"drawMode":0,"name":"Shaded","section":"Shading Mode"},"sceneLighting":false,"audioPlay":false,"sceneViewState":{"showFog":true,"showMaterialUpdate":false,"showSkybox":true,"showFlares":true,"showImageEffects":true,"showParticleSystems":true},"in2DMode":false,"pivot":{"x":15.739999771118164,"y":7.989999771118164,"z":25.649999618530275},"rotation":{"x":-0.09659702330827713,"y":-0.712321937084198,"z":0.10001655668020249,"w":-0.687941312789917},"size":10.437600135803223,"orthographic":false}