{"cameraMode":{"drawMode":0,"name":"Shaded","section":"Shading Mode"},"sceneLighting":false,"audioPlay":false,"sceneViewState":{"showFog":true,"showMaterialUpdate":false,"showSkybox":true,"showFlares":true,"showImageEffects":true,"showParticleSystems":true},"in2DMode":false,"pivot":{"x":-6.683748722076416,"y":-1.4458177089691163,"z":5.035989284515381},"rotation":{"x":-0.0031070769764482977,"y":-0.9805715084075928,"z":0.19551706314086915,"w":-0.01558691542595625},"size":8.039932250976563,"orthographic":false}