{"cameraMode":{"drawMode":0,"name":"Shaded","section":"Shading Mode"},"sceneLighting":false,"audioPlay":false,"sceneViewState":{"showFog":true,"showMaterialUpdate":false,"showSkybox":true,"showFlares":true,"showImageEffects":true,"showParticleSystems":true},"in2DMode":false,"pivot":{"x":-4.947402477264404,"y":-1.4458177089691163,"z":5.035989284515381},"rotation":{"x":0.12738536298274995,"y":0.6244259476661682,"z":-0.10417420417070389,"w":0.7635528445243836},"size":4.1650590896606449,"orthographic":false}