{"cameraMode":{"drawMode":0,"name":"Shaded","section":"Shading Mode"},"sceneLighting":true,"audioPlay":false,"sceneViewState":{"showFog":true,"showMaterialUpdate":false,"showSkybox":true,"showFlares":true,"showImageEffects":true,"showParticleSystems":true},"in2DMode":false,"pivot":{"x":53.31920623779297,"y":-3.614539623260498,"z":36.11573028564453},"rotation":{"x":-0.39810165762901308,"y":0.15485410392284394,"z":-0.06837678700685501,"w":-0.9015874266624451},"size":114.75917053222656,"orthographic":false}