{"cameraMode":{"drawMode":0,"name":"Shaded","section":"Shading Mode"},"sceneLighting":true,"audioPlay":false,"sceneViewState":{"showFog":true,"showMaterialUpdate":false,"showSkybox":true,"showFlares":true,"showImageEffects":true,"showParticleSystems":true},"in2DMode":false,"pivot":{"x":41.0999755859375,"y":7.70001220703125,"z":39.900001525878909},"rotation":{"x":-0.3933590054512024,"y":-0.053193334490060809,"z":0.02280277945101261,"w":-0.9175615310668945},"size":43.96642303466797,"orthographic":true}