{"cameraMode":{"drawMode":0,"name":"Shaded","section":"Shading Mode"},"sceneLighting":false,"audioPlay":false,"sceneViewState":{"showFog":true,"showMaterialUpdate":false,"showSkybox":true,"showFlares":true,"showImageEffects":true,"showParticleSystems":true},"in2DMode":false,"pivot":{"x":-5.084358215332031,"y":-1.4312143325805665,"z":9.162433624267579},"rotation":{"x":-0.0015220766654238105,"y":0.9945102334022522,"z":0.014610685408115387,"w":0.10360342264175415},"size":4.932858467102051,"orthographic":false}