{"cameraMode":{"drawMode":0,"name":"Shaded","section":"Shading Mode"},"sceneLighting":false,"audioPlay":false,"sceneViewState":{"showFog":true,"showMaterialUpdate":false,"showSkybox":true,"showFlares":true,"showImageEffects":true,"showParticleSystems":true},"in2DMode":false,"pivot":{"x":157.5281982421875,"y":45.804447174072269,"z":230.7729949951172},"rotation":{"x":0.05212562903761864,"y":0.03953234478831291,"z":0.002065325388684869,"w":-0.9978556632995606},"size":22.0,"orthographic":false}