{"cameraMode":{"drawMode":0,"name":"Shaded","section":"Shading Mode"},"sceneLighting":false,"audioPlay":false,"sceneViewState":{"showFog":true,"showMaterialUpdate":false,"showSkybox":true,"showFlares":true,"showImageEffects":true,"showParticleSystems":true},"in2DMode":false,"pivot":{"x":-0.3471897840499878,"y":9.382843017578125,"z":-0.16488856077194215},"rotation":{"x":0.05212562903761864,"y":0.03953234478831291,"z":0.002065325388684869,"w":-0.9978556632995606},"size":6.752196788787842,"orthographic":false}