{"cameraMode":{"drawMode":0,"name":"Shaded","section":"Shading Mode"},"sceneLighting":false,"audioPlay":false,"sceneViewState":{"showFog":true,"showMaterialUpdate":false,"showSkybox":true,"showFlares":true,"showImageEffects":true,"showParticleSystems":true},"in2DMode":false,"pivot":{"x":31.643417358398439,"y":9.004449844360352,"z":22.168296813964845},"rotation":{"x":-0.0015220766654238105,"y":0.9945102334022522,"z":0.014610685408115387,"w":0.10360342264175415},"size":4.638593673706055,"orthographic":false}