{"cameraMode":{"drawMode":0,"name":"Shaded","section":"Shading Mode"},"sceneLighting":false,"audioPlay":false,"sceneViewState":{"showFog":true,"showMaterialUpdate":false,"showSkybox":true,"showFlares":true,"showImageEffects":true,"showParticleSystems":true},"in2DMode":false,"pivot":{"x":9.779999732971192,"y":9.90999984741211,"z":25.600000381469728},"rotation":{"x":0.23362399637699128,"y":-0.553975522518158,"z":0.1655510663986206,"w":0.781744122505188},"size":28.31273651123047,"orthographic":false}