{"cameraMode":{"drawMode":0,"name":"Shaded","section":"Shading Mode"},"sceneLighting":false,"audioPlay":false,"sceneViewState":{"showFog":true,"showMaterialUpdate":false,"showSkybox":true,"showFlares":true,"showImageEffects":true,"showParticleSystems":true},"in2DMode":false,"pivot":{"x":-0.18999916315078736,"y":-1.3182133436203004,"z":3.1435413360595705},"rotation":{"x":-0.010026509873569012,"y":0.9717674255371094,"z":-0.23195497691631318,"w":-0.042005687952041629},"size":4.748229026794434,"orthographic":false}