{"cameraMode":{"drawMode":0,"name":"Shaded","section":"Shading Mode"},"sceneLighting":false,"audioPlay":false,"sceneViewState":{"showFog":true,"showMaterialUpdate":false,"showSkybox":true,"showFlares":true,"showImageEffects":true,"showParticleSystems":true},"in2DMode":false,"pivot":{"x":8.940696716308594e-7,"y":0.9002500176429749,"z":0.013541311025619507},"rotation":{"x":-0.004177382215857506,"y":0.9924943447113037,"z":-0.11696618795394898,"w":-0.03544629365205765},"size":4.934963703155518,"orthographic":false}