{"cameraMode":{"drawMode":0,"name":"Shaded","section":"Shading Mode"},"sceneLighting":false,"audioPlay":false,"sceneViewState":{"showFog":true,"showMaterialUpdate":false,"showSkybox":true,"showFlares":true,"showImageEffects":true,"showParticleSystems":true},"in2DMode":false,"pivot":{"x":28.803396224975587,"y":9.012565612792969,"z":24.558591842651368},"rotation":{"x":-0.003359133144840598,"y":-0.9945807456970215,"z":0.09818217158317566,"w":-0.034031692892313007},"size":6.344067096710205,"orthographic":true}