{"cameraMode":{"drawMode":0,"name":"Shaded","section":"Shading Mode"},"sceneLighting":false,"audioPlay":false,"sceneViewState":{"showFog":true,"showMaterialUpdate":false,"showSkybox":true,"showFlares":true,"showImageEffects":true,"showParticleSystems":true},"in2DMode":false,"pivot":{"x":-0.18999916315078736,"y":-1.3182133436203004,"z":3.1435413360595705},"rotation":{"x":-0.004177382215857506,"y":0.9924943447113037,"z":-0.11696618795394898,"w":-0.03544629365205765},"size":9.912208557128907,"orthographic":false}