{"cameraMode":{"drawMode":0,"name":"Shaded","section":"Shading Mode"},"sceneLighting":true,"audioPlay":false,"sceneViewState":{"showFog":true,"showMaterialUpdate":false,"showSkybox":true,"showFlares":true,"showImageEffects":true,"showParticleSystems":true},"in2DMode":false,"pivot":{"x":1032.5079345703125,"y":480.08111572265627,"z":0.0},"rotation":{"x":0.04242411255836487,"y":-0.7156786918640137,"z":0.043637413531541827,"w":0.6957729458808899},"size":851.4171142578125,"orthographic":false}