{"cameraMode":{"drawMode":0,"name":"Shaded","section":"Shading Mode"},"sceneLighting":true,"audioPlay":false,"sceneViewState":{"showFog":true,"showMaterialUpdate":false,"showSkybox":true,"showFlares":true,"showImageEffects":true,"showParticleSystems":true},"in2DMode":false,"pivot":{"x":56.05035400390625,"y":6.198949813842773,"z":36.90409851074219},"rotation":{"x":0.18167012929916383,"y":0.5110874176025391,"z":-0.11150799691677094,"w":0.83267742395401},"size":11.178730010986329,"orthographic":false}