{"cameraMode":{"drawMode":0,"name":"Shaded","section":"Shading Mode"},"sceneLighting":false,"audioPlay":false,"sceneViewState":{"showFog":true,"showMaterialUpdate":false,"showSkybox":true,"showFlares":true,"showImageEffects":true,"showParticleSystems":true},"in2DMode":false,"pivot":{"x":-0.17654484510421754,"y":0.9379334449768066,"z":0.0},"rotation":{"x":-0.010026509873569012,"y":0.9717674255371094,"z":-0.23195497691631318,"w":-0.042005687952041629},"size":4.47503137588501,"orthographic":false}