{"cameraMode":{"drawMode":0,"name":"Shaded","section":"Shading Mode"},"sceneLighting":false,"audioPlay":false,"sceneViewState":{"showFog":true,"showMaterialUpdate":false,"showSkybox":true,"showFlares":true,"showImageEffects":true,"showParticleSystems":true},"in2DMode":false,"pivot":{"x":24.12960433959961,"y":20.81429100036621,"z":31.001296997070314},"rotation":{"x":0.17502129077911378,"y":-0.5033182501792908,"z":0.10491299629211426,"w":0.8396616578102112},"size":9.12369155883789,"orthographic":false}