{"cameraMode":{"drawMode":0,"name":"Shaded","section":"Shading Mode"},"sceneLighting":false,"audioPlay":false,"sceneViewState":{"showFog":true,"showMaterialUpdate":false,"showSkybox":true,"showFlares":true,"showImageEffects":true,"showParticleSystems":true},"in2DMode":false,"pivot":{"x":-1.1075178996122759e-8,"y":0.9363752603530884,"z":0.05619984120130539},"rotation":{"x":-0.004177382215857506,"y":0.9924943447113037,"z":-0.11696618795394898,"w":-0.03544629365205765},"size":17.475900650024415,"orthographic":false}