{"cameraMode":{"drawMode":0,"name":"Shaded","section":"Shading Mode"},"sceneLighting":false,"audioPlay":false,"sceneViewState":{"showFog":true,"showMaterialUpdate":false,"showSkybox":true,"showFlares":true,"showImageEffects":true,"showParticleSystems":true},"in2DMode":false,"pivot":{"x":27.549922943115236,"y":9.045082092285157,"z":29.164688110351564},"rotation":{"x":0.08882883936166763,"y":-0.09992986172437668,"z":0.008957397192716599,"w":0.9909810423851013},"size":3.9050686359405519,"orthographic":true}